,train_len,test_len,rec_len,hit,precision,recall,f1_score
1,174,58,10,6,0,0,-1
2,21,8,10,2,0.6,0.75,0.666666667
3,32,7,10,1,0.8,1.142857143,0.941176471
4,166,50,10,2,0.9,0.18,0.3
5,35,9,10,2,1.1,1.222222222,1.157894737
6,246,68,10,7,1.3,0.191176471,0.333333333
7,105,47,10,3,2,0.425531915,0.701754386
8,37,10,10,5,2.3,2.3,2.3
9,34,12,10,0,2.8,2.333333333,2.545454545
10,107,33,10,1,2.8,0.848484848,1.302325581
11,49,15,10,5,2.9,1.933333333,2.32
12,24,8,10,0,3.4,4.25,3.777777778
13,28,3,10,1,3.4,11.33333333,5.230769231
14,29,19,10,3,3.5,1.842105263,2.413793103
15,96,39,10,3,3.8,0.974358974,1.551020408
16,68,30,10,8,4.1,1.366666667,2.05
17,79,26,10,5,4.9,1.884615385,2.722222222
18,392,110,10,7,5.4,0.490909091,0.9
19,503,200,10,5,6.1,0.305,0.580952381
20,192,50,10,3,6.6,1.32,2.2
21,312,131,10,9,6.9,0.526717557,0.978723404
22,91,28,10,3,7.8,2.785714286,4.105263158
23,98,23,10,1,8.1,3.52173913,4.909090909
24,80,30,10,2,8.2,2.733333333,4.1
25,19,7,10,1,8.4,12,9.882352941
26,19,2,10,0,8.5,42.5,14.16666667
27,103,32,10,1,8.5,2.65625,4.047619048
28,425,145,10,4,8.6,0.593103448,1.109677419
29,62,19,10,1,9,4.736842105,6.206896552
30,26,8,10,2,9.1,11.375,10.11111111
31,34,16,10,3,9.3,5.8125,7.153846154
32,76,26,10,3,9.6,3.692307692,5.333333333
33,119,37,10,2,9.9,2.675675676,4.212765957
34,68,18,10,0,10.1,5.611111111,7.214285714
35,20,3,10,0,10.1,33.66666667,15.53846154
36,41,19,10,0,10.1,5.315789474,6.965517241
37,13,8,10,4,10.1,12.625,11.22222222
38,57,21,10,4,10.5,5,6.774193548
39,76,24,10,1,10.9,4.541666667,6.411764706
40,81,22,10,5,11,5,6.875
41,156,61,10,4,11.5,1.885245902,3.23943662
42,331,109,10,4,11.9,1.091743119,2
43,88,26,10,7,12.3,4.730769231,6.833333333
44,40,8,10,2,13,16.25,14.44444444
45,295,104,10,7,13.2,1.269230769,2.315789474
46,32,10,10,6,13.9,13.9,13.9
47,109,31,10,1,14.5,4.677419355,7.073170732
48,26,7,10,1,14.6,20.85714286,17.17647059
49,18,3,10,0,14.7,49,22.61538462
50,237,73,10,2,14.7,2.01369863,3.542168675
51,266,93,10,2,14.9,1.602150538,2.893203883
52,101,29,10,3,15.1,5.206896552,7.743589744
53,16,4,10,0,15.4,38.5,22
54,23,10,10,1,15.4,15.4,15.4
55,20,5,10,0,15.5,31,20.66666667
56,36,10,10,6,15.5,15.5,15.5
57,364,112,10,8,16.1,1.4375,2.639344262
58,85,27,10,5,16.9,6.259259259,9.135135135
59,76,31,10,4,17.4,5.612903226,8.487804878
60,16,6,10,1,17.8,29.66666667,22.25
61,25,14,10,1,17.9,12.78571429,14.91666667
62,282,84,10,6,18,2.142857143,3.829787234
63,208,63,10,5,18.6,2.952380952,5.095890411
64,407,110,10,3,19.1,1.736363636,3.183333333
65,31,3,10,1,19.4,64.66666667,29.84615385
66,251,94,10,3,19.5,2.074468085,3.75
67,25,11,10,2,19.8,18,18.85714286
68,928,332,10,10,20,0.602409639,1.169590643
69,35,11,10,2,21,19.09090909,20
70,52,10,10,0,21.2,21.2,21.2
71,24,11,10,2,21.2,19.27272727,20.19047619
72,38,7,10,2,21.4,30.57142857,25.17647059
73,156,54,10,5,21.6,4,6.75
74,138,39,10,1,22.1,5.666666667,9.020408163
75,55,14,10,3,22.2,15.85714286,18.5
76,93,26,10,3,22.5,8.653846154,12.5
77,24,5,10,0,22.8,45.6,30.4
78,43,18,10,2,22.8,12.66666667,16.28571429
79,53,11,10,3,23,20.90909091,21.9047619
80,131,36,10,3,23.3,6.472222222,10.13043478
81,17,9,10,4,23.6,26.22222222,24.84210526
82,183,44,10,2,24,5.454545455,8.888888889
83,84,34,10,4,24.2,7.117647059,11
84,213,80,10,5,24.6,3.075,5.466666667
85,25,9,10,0,25.1,27.88888889,26.42105263
86,52,18,10,2,25.1,13.94444444,17.92857143
87,13,8,10,0,25.3,31.625,28.11111111
88,44,12,10,4,25.3,21.08333333,23
89,384,134,10,4,25.7,1.917910448,3.569444444
90,39,15,10,3,26.1,17.4,20.88
91,437,138,10,9,26.4,1.913043478,3.567567568
92,20,4,10,0,27.3,68.25,39
93,76,21,10,1,27.3,13,17.61290323
94,42,14,10,6,27.4,19.57142857,22.83333333
95,114,54,10,1,28,5.185185185,8.75
96,63,15,10,2,28.1,18.73333333,22.48
97,27,9,10,0,28.3,31.44444444,29.78947368
98,70,22,10,1,28.3,12.86363636,17.6875
99,43,10,10,1,28.4,28.4,28.4
100,109,39,10,4,28.5,7.307692308,11.63265306
101,47,14,10,1,28.9,20.64285714,24.08333333
102,37,19,10,3,29,15.26315789,20
103,286,91,10,7,29.3,3.21978022,5.801980198
104,202,71,10,4,30,4.225352113,7.407407407
105,542,180,10,8,30.4,1.688888889,3.2
106,23,10,10,2,31.2,31.2,31.2
107,26,8,10,2,31.4,39.25,34.88888889
108,58,18,10,2,31.6,17.55555556,22.57142857
109,96,31,10,6,31.8,10.25806452,15.51219512
110,39,12,10,4,32.4,27,29.45454545
111,493,153,10,4,32.8,2.14379085,4.024539877
112,53,12,10,0,33.2,27.66666667,30.18181818
113,103,47,10,1,33.2,7.063829787,11.64912281
114,18,13,10,2,33.3,25.61538462,28.95652174
115,93,19,10,1,33.5,17.63157895,23.10344828
116,69,18,10,3,33.6,18.66666667,24
117,122,43,10,8,33.9,7.88372093,12.79245283
118,14,8,10,2,34.7,43.375,38.55555556
119,159,56,10,3,34.9,6.232142857,10.57575758
120,16,6,10,3,35.2,58.66666667,44
121,44,14,10,4,35.5,25.35714286,29.58333333
122,223,69,10,3,35.9,5.202898551,9.088607595
123,48,8,10,3,36.2,45.25,40.22222222
124,38,12,10,3,36.5,30.41666667,33.18181818
125,272,88,10,5,36.8,4.181818182,7.510204082
126,27,11,10,8,37.3,33.90909091,35.52380952
127,17,5,10,0,38.1,76.2,50.8
128,28,5,10,0,38.1,76.2,50.8
129,107,33,10,2,38.1,11.54545455,17.72093023
130,16,12,10,7,38.3,31.91666667,34.81818182
131,49,20,10,6,39,19.5,26
132,255,92,10,5,39.6,4.304347826,7.764705882
133,26,9,10,3,40.1,44.55555556,42.21052632
134,26,9,10,2,40.4,44.88888889,42.52631579
135,207,72,10,5,40.6,5.638888889,9.902439024
136,80,31,10,4,41.1,13.25806452,20.04878049
137,109,32,10,5,41.5,12.96875,19.76190476
138,14,8,10,0,42,52.5,46.66666667
139,135,59,10,4,42,7.118644068,12.17391304
140,453,155,10,6,42.4,2.735483871,5.139393939
141,126,42,10,5,43,10.23809524,16.53846154
142,32,6,10,3,43.5,72.5,54.375
143,62,9,10,0,43.8,48.66666667,46.10526316
144,86,42,10,6,43.8,10.42857143,16.84615385
145,18,5,10,4,44.4,88.8,59.2
146,24,8,10,1,44.8,56,49.77777778
147,16,4,10,0,44.9,112.25,64.14285714
148,35,13,10,4,44.9,34.53846154,39.04347826
149,42,16,10,4,45.3,28.3125,34.84615385
150,17,9,10,5,45.7,50.77777778,48.10526316
151,44,15,10,4,46.2,30.8,36.96
152,47,16,10,6,46.6,29.125,35.84615385
153,137,42,10,0,47.2,11.23809524,18.15384615
154,29,5,10,2,47.2,94.4,62.93333333
155,32,14,10,1,47.4,33.85714286,39.5
156,300,98,10,3,47.5,4.846938776,8.796296296
157,14,7,10,0,47.8,68.28571429,56.23529412
158,18,8,10,0,47.8,59.75,53.11111111
159,75,22,10,0,47.8,21.72727273,29.875
160,328,109,10,6,47.8,4.385321101,8.033613445
161,31,8,10,0,48.4,60.5,53.77777778
162,29,9,10,0,48.4,53.77777778,50.94736842
163,18,5,10,1,48.4,96.8,64.53333333
164,25,11,10,2,48.5,44.09090909,46.19047619
165,54,11,10,1,48.7,44.27272727,46.38095238
166,136,54,10,6,48.8,9.037037037,15.25
167,128,45,10,3,49.4,10.97777778,17.96363636
168,68,26,10,2,49.7,19.11538462,27.61111111
169,193,76,10,5,49.9,6.565789474,11.60465116
170,34,16,10,5,50.4,31.5,38.76923077
171,62,20,10,2,50.9,25.45,33.93333333
172,19,7,10,1,51.1,73,60.11764706
173,21,4,10,0,51.2,128,73.14285714
174,53,14,10,3,51.2,36.57142857,42.66666667
175,14,10,10,0,51.5,51.5,51.5
176,32,4,10,2,51.5,128.75,73.57142857
177,670,234,10,8,51.7,2.209401709,4.237704918
178,58,19,10,4,52.5,27.63157895,36.20689655
179,53,16,10,7,52.9,33.0625,40.69230769
180,19,5,10,2,53.6,107.2,71.46666667
181,89,29,10,5,53.8,18.55172414,27.58974359
182,718,259,10,8,54.3,2.096525097,4.037174721
183,42,15,10,3,55.1,36.73333333,44.08
184,88,46,10,1,55.4,12.04347826,19.78571429
185,38,9,10,0,55.5,61.66666667,58.42105263
186,173,53,10,4,55.5,10.47169811,17.61904762
187,192,66,10,6,55.9,8.46969697,14.71052632
188,37,11,10,0,56.5,51.36363636,53.80952381
189,16,4,10,3,56.5,141.25,80.71428571
190,57,9,10,0,56.8,63.11111111,59.78947368
191,57,28,10,1,56.8,20.28571429,29.89473684
192,17,5,10,1,56.9,113.8,75.86666667
193,25,10,10,4,57,57,57
194,17,3,10,0,57.4,191.3333333,88.30769231
195,140,47,10,4,57.4,12.21276596,20.14035088
196,27,5,10,0,57.8,115.6,77.06666667
197,26,9,10,0,57.8,64.22222222,60.84210526
198,170,60,10,5,57.8,9.633333333,16.51428571
199,269,94,10,4,58.3,6.20212766,11.21153846
200,265,69,10,3,58.7,8.507246377,14.86075949
201,72,38,10,6,59,15.52631579,24.58333333
202,303,100,10,9,59.6,5.96,10.83636364
203,36,9,10,2,60.5,67.22222222,63.68421053
204,70,13,10,2,60.7,46.69230769,52.7826087
205,23,4,10,1,60.9,152.25,87
206,21,4,10,3,61,152.5,87.14285714
207,16,4,10,0,61.3,153.25,87.57142857
208,21,5,10,0,61.3,122.6,81.73333333
209,26,9,10,2,61.3,68.11111111,64.52631579
210,107,31,10,6,61.5,19.83870968,30
211,69,20,10,1,62.1,31.05,41.4
212,188,60,10,8,62.2,10.36666667,17.77142857
213,67,17,10,0,63,37.05882353,46.66666667
214,19,3,10,3,63,210,96.92307692
215,73,25,10,5,63.3,25.32,36.17142857
216,132,32,10,0,63.8,19.9375,30.38095238
217,468,145,10,5,63.8,4.4,8.232258065
218,18,8,10,0,64.3,80.375,71.44444444
219,412,116,10,10,64.3,5.543103448,10.20634921
220,162,45,10,4,65.3,14.51111111,23.74545455
221,247,84,10,3,65.7,7.821428571,13.9787234
222,175,75,10,6,66,8.8,15.52941176
223,50,25,10,3,66.6,26.64,38.05714286
224,41,13,10,2,66.9,51.46153846,58.17391304
225,62,13,10,0,67.1,51.61538462,58.34782609
226,393,114,10,8,67.1,5.885964912,10.82258065
227,76,18,10,1,67.9,37.72222222,48.5
228,22,3,10,1,68,226.6666667,104.6153846
229,50,15,10,3,68.1,45.4,54.48
230,107,32,10,2,68.4,21.375,32.57142857
231,17,7,10,3,68.6,98,80.70588235
232,647,215,10,7,68.9,3.204651163,6.124444444
233,105,45,10,4,69.6,15.46666667,25.30909091
234,144,58,10,2,70,12.06896552,20.58823529
235,50,15,10,4,70.2,46.8,56.16
236,24,6,10,1,70.6,117.6666667,88.25
237,36,14,10,1,70.7,50.5,58.91666667
238,37,7,10,0,70.8,101.1428571,83.29411765
239,208,71,10,8,70.8,9.971830986,17.48148148
240,96,32,10,7,71.6,22.375,34.0952381
241,56,20,10,3,72.3,36.15,48.2
242,29,6,10,4,72.6,121,90.75
243,24,12,10,2,73,60.83333333,66.36363636
244,68,25,10,2,73.2,29.28,41.82857143
245,16,5,10,0,73.4,146.8,97.86666667
246,156,48,10,2,73.4,15.29166667,25.31034483
247,113,37,10,9,73.6,19.89189189,31.31914894
248,29,22,10,2,74.5,33.86363636,46.5625
249,789,257,10,10,74.7,2.906614786,5.595505618
250,23,4,10,0,75.7,189.25,108.1428571
251,19,4,10,2,75.7,189.25,108.1428571
252,27,11,10,1,75.9,69,72.28571429
253,38,9,10,0,76,84.44444444,80
254,100,27,10,3,76,28.14814815,41.08108108
255,37,7,10,0,76.3,109,89.76470588
256,140,34,10,1,76.3,22.44117647,34.68181818
257,15,5,10,0,76.4,152.8,101.8666667
258,17,8,10,2,76.4,95.5,84.88888889
259,25,4,10,0,76.6,191.5,109.4285714
260,116,36,10,3,76.6,21.27777778,33.30434783
261,42,11,10,3,76.9,69.90909091,73.23809524
262,45,12,10,0,77.2,64.33333333,70.18181818
263,163,47,10,2,77.2,16.42553191,27.0877193
264,46,10,10,1,77.4,77.4,77.4
265,112,51,10,5,77.5,15.19607843,25.40983607
266,134,46,10,5,78,16.95652174,27.85714286
267,38,19,10,3,78.5,41.31578947,54.13793103
268,98,31,10,0,78.8,25.41935484,38.43902439
269,23,6,10,3,78.8,131.3333333,98.5
270,27,13,10,6,79.1,60.84615385,68.7826087
271,32,11,10,1,79.7,72.45454545,75.9047619
272,20,11,10,1,79.8,72.54545455,76
273,41,14,10,4,79.9,57.07142857,66.58333333
274,1000,346,10,8,80.3,2.320809249,4.511235955
275,305,98,10,4,81.1,8.275510204,15.01851852
276,31,10,10,2,81.5,81.5,81.5
277,21,7,10,3,81.7,116.7142857,96.11764706
278,12,8,10,1,82,102.5,91.11111111
279,124,52,10,6,82.1,15.78846154,26.48387097
280,158,38,10,0,82.7,21.76315789,34.45833333
281,15,6,10,0,82.7,137.8333333,103.375
282,182,55,10,2,82.7,15.03636364,25.44615385
283,23,12,10,2,82.9,69.08333333,75.36363636
284,66,22,10,5,83.1,37.77272727,51.9375
285,27,9,10,0,83.6,92.88888889,88
286,77,29,10,4,83.6,28.82758621,42.87179487
287,107,45,10,3,84,18.66666667,30.54545455
288,773,282,10,8,84.3,2.989361702,5.773972603
289,16,8,10,1,85.1,106.375,94.55555556
290,184,83,10,4,85.2,10.26506024,18.32258065
291,23,8,10,2,85.6,107,95.11111111
292,339,107,10,5,85.8,8.018691589,14.66666667
293,16,5,10,0,86.3,172.6,115.0666667
294,328,109,10,1,86.3,7.917431193,14.50420168
295,27,14,10,3,86.4,61.71428571,72
296,23,4,10,1,86.7,216.75,123.8571429
297,57,15,10,3,86.8,57.86666667,69.44
298,724,215,10,5,87.1,4.051162791,7.742222222
299,18,5,10,0,87.6,175.2,116.8
300,25,7,10,3,87.6,125.1428571,103.0588235
301,84,30,10,1,87.9,29.3,43.95
302,24,8,10,2,88,110,97.77777778
303,45,8,10,1,88.2,110.25,98
304,174,42,10,4,88.3,21.02380952,33.96153846
305,507,170,10,9,88.7,5.217647059,9.855555556
306,88,24,10,2,89.6,37.33333333,52.70588235
307,728,247,10,8,89.8,3.63562753,6.988326848
308,88,27,10,3,90.6,33.55555556,48.97297297
309,80,23,10,1,90.9,39.52173913,55.09090909
310,52,12,10,0,91,75.83333333,82.72727273
311,19,9,10,0,91,101.1111111,95.78947368
312,171,52,10,3,91,17.5,29.35483871
313,262,78,10,7,91.3,11.70512821,20.75
314,91,37,10,7,92,24.86486486,39.14893617
315,23,10,10,0,92.7,92.7,92.7
316,35,18,10,2,92.7,51.5,66.21428571
317,136,53,10,7,92.9,17.52830189,29.49206349
318,690,189,10,4,93.6,4.952380952,9.407035176
319,21,14,10,4,94,67.14285714,78.33333333
320,17,3,10,0,94.4,314.6666667,145.2307692
321,29,27,10,6,94.4,34.96296296,51.02702703
322,76,31,10,2,95,30.64516129,46.34146341
323,70,28,10,3,95.2,34,50.10526316
324,15,6,10,0,95.5,159.1666667,119.375
325,216,54,10,0,95.5,17.68518519,29.84375
326,103,49,10,7,95.5,19.48979592,32.37288136
327,35,13,10,2,96.2,74,83.65217391
328,191,64,10,4,96.4,15.0625,26.05405405
329,16,7,10,2,96.8,138.2857143,113.8823529
330,180,67,10,7,97,14.47761194,25.19480519
331,131,37,10,2,97.7,26.40540541,41.57446809
332,195,72,10,5,97.9,13.59722222,23.87804878
333,20,5,10,0,98.4,196.8,131.2
334,112,42,10,2,98.4,23.42857143,37.84615385
335,23,5,10,0,98.6,197.2,131.4666667
336,42,14,10,6,98.6,70.42857143,82.16666667
337,59,18,10,7,99.2,55.11111111,70.85714286
338,27,12,10,2,99.9,83.25,90.81818182
339,281,90,10,4,100.1,11.12222222,20.02
340,21,7,10,4,100.5,143.5714286,118.2352941
341,38,14,10,0,100.9,72.07142857,84.08333333
342,51,15,10,2,100.9,67.26666667,80.72
343,45,14,10,2,101.1,72.21428571,84.25
344,50,19,10,1,101.3,53.31578947,69.86206897
345,47,15,10,0,101.4,67.6,81.12
346,126,38,10,3,101.4,26.68421053,42.25
347,32,13,10,6,101.7,78.23076923,88.43478261
348,43,12,10,3,102.3,85.25,93
349,27,10,10,0,102.6,102.6,102.6
350,29,11,10,5,102.6,93.27272727,97.71428571
351,104,37,10,4,103.1,27.86486486,43.87234043
352,219,75,10,4,103.5,13.8,24.35294118
353,69,21,10,6,103.9,49.47619048,67.03225806
354,172,54,10,4,104.5,19.35185185,32.65625
355,22,4,10,0,104.9,262.25,149.8571429
356,216,73,10,3,104.9,14.36986301,25.27710843
357,290,93,10,3,105.2,11.31182796,20.42718447
358,33,8,10,0,105.5,131.875,117.2222222
359,58,16,10,0,105.5,65.9375,81.15384615
360,21,4,10,1,105.5,263.75,150.7142857
361,73,24,10,1,105.6,44,62.11764706
362,83,26,10,5,105.7,40.65384615,58.72222222
363,22,8,10,2,106.2,132.75,118
364,20,1,10,1,106.4,1064,193.4545455
365,211,66,10,3,106.5,16.13636364,28.02631579
366,21,10,10,2,106.8,106.8,106.8
367,135,50,10,5,107,21.4,35.66666667
368,346,123,10,5,107.5,8.739837398,16.16541353
369,102,27,10,1,108,40,58.37837838
370,68,25,10,3,108.1,43.24,61.77142857
371,32,9,10,0,108.4,120.4444444,114.1052632
372,179,57,10,7,108.4,19.01754386,32.35820896
373,71,29,10,3,109.1,37.62068966,55.94871795
374,25,8,10,4,109.4,136.75,121.5555556
375,23,10,10,0,109.8,109.8,109.8
376,97,36,10,4,109.8,30.5,47.73913043
377,90,41,10,0,110.2,26.87804878,43.21568627
378,38,10,10,1,110.2,110.2,110.2
379,26,10,10,6,110.3,110.3,110.3
380,920,298,10,8,110.9,3.72147651,7.201298701
381,360,114,10,7,111.7,9.798245614,18.01612903
382,209,82,10,3,112.4,13.70731707,24.43478261
383,26,8,10,0,112.7,140.875,125.2222222
384,56,14,10,0,112.7,80.5,93.91666667
385,157,44,10,4,112.7,25.61363636,41.74074074
386,45,23,10,5,113.1,49.17391304,68.54545455
387,767,260,10,6,113.6,4.369230769,8.414814815
388,24,5,10,0,114.2,228.4,152.2666667
389,26,8,10,2,114.2,142.75,126.8888889
390,59,22,10,2,114.4,52,71.5
391,292,94,10,2,114.6,12.19148936,22.03846154
392,20,5,10,0,114.8,229.6,153.0666667
393,95,28,10,2,114.8,41,60.42105263
394,17,6,10,0,115,191.6666667,143.75
395,52,9,10,2,115,127.7777778,121.0526316
396,18,10,10,1,115.2,115.2,115.2
397,19,4,10,0,115.3,288.25,164.7142857
398,31,15,10,2,115.3,76.86666667,92.24
399,31,5,10,3,115.5,231,154
400,32,11,10,3,115.8,105.2727273,110.2857143
401,52,20,10,1,116.1,58.05,77.4
402,33,15,10,0,116.2,77.46666667,92.96
403,24,10,10,0,116.2,116.2,116.2
404,48,12,10,5,116.2,96.83333333,105.6363636
405,97,23,10,1,116.7,50.73913043,70.72727273
406,15,5,10,0,116.8,233.6,155.7333333
407,13,9,10,1,116.8,129.7777778,122.9473684
408,110,31,10,0,116.9,37.70967742,57.02439024
409,91,35,10,1,116.9,33.4,51.95555556
410,122,45,10,0,117,26,42.54545455
411,88,39,10,9,117,30,47.75510204
412,86,16,10,2,117.9,73.6875,90.69230769
413,44,12,10,2,118.1,98.41666667,107.3636364
414,2061,637,10,9,118.3,1.857142857,3.656877898
415,74,20,10,1,119.2,59.6,79.46666667
416,34,17,10,3,119.3,70.17647059,88.37037037
417,52,15,10,3,119.6,79.73333333,95.68
418,71,22,10,3,119.9,54.5,74.9375
419,113,42,10,4,120.2,28.61904762,46.23076923
420,103,38,10,3,120.6,31.73684211,50.25
421,29,8,10,1,120.9,151.125,134.3333333
422,66,27,10,0,121,44.81481481,65.40540541
423,14,9,10,3,121,134.4444444,127.3684211
424,96,42,10,6,121.3,28.88095238,46.65384615
425,244,62,10,8,121.9,19.66129032,33.86111111
426,65,23,10,2,122.7,53.34782609,74.36363636
427,65,19,10,0,122.9,64.68421053,84.75862069
428,223,77,10,2,122.9,15.96103896,28.25287356
429,48,10,10,3,123.1,123.1,123.1
430,43,15,10,1,123.4,82.26666667,98.72
431,14,6,10,1,123.5,205.8333333,154.375
432,202,58,10,6,123.6,21.31034483,36.35294118
433,18,4,10,1,124.2,310.5,177.4285714
434,183,50,10,6,124.3,24.86,41.43333333
435,34,8,10,1,124.9,156.125,138.7777778
436,78,28,10,7,125,44.64285714,65.78947368
437,88,34,10,5,125.7,36.97058824,57.13636364
438,472,163,10,7,126.2,7.742331288,14.58959538
439,13,8,10,2,126.9,158.625,141
440,24,9,10,0,127.1,141.2222222,133.7894737
441,39,6,10,1,127.1,211.8333333,158.875
442,14,6,10,0,127.2,212,159
443,24,13,10,5,127.2,97.84615385,110.6086957
444,33,9,10,3,127.7,141.8888889,134.4210526
445,60,17,10,4,128,75.29411765,94.81481481
446,61,23,10,6,128.4,55.82608696,77.81818182
447,58,20,10,6,129,64.5,86
448,1415,449,10,5,129.6,2.886414254,5.647058824
449,30,8,10,1,130.1,162.625,144.5555556
450,38,13,10,1,130.2,100.1538462,113.2173913
451,25,9,10,3,130.3,144.7777778,137.1578947
452,158,44,10,2,130.6,29.68181818,48.37037037
453,245,66,10,7,130.8,19.81818182,34.42105263
454,33,12,10,0,131.5,109.5833333,119.5454545
455,38,19,10,6,131.5,69.21052632,90.68965517
456,36,7,10,0,132.1,188.7142857,155.4117647
457,40,10,10,0,132.1,132.1,132.1
458,46,13,10,5,132.1,101.6153846,114.8695652
459,17,9,10,1,132.6,147.3333333,139.5789474
460,64,18,10,1,132.7,73.72222222,94.78571429
461,23,4,10,1,132.8,332,189.7142857
462,325,130,10,5,132.9,10.22307692,18.98571429
463,25,8,10,0,133.4,166.75,148.2222222
464,102,36,10,6,133.4,37.05555556,58
465,89,26,10,2,134,51.53846154,74.44444444
466,84,29,10,5,134.2,46.27586207,68.82051282
467,17,5,10,0,134.7,269.4,179.6
468,26,7,10,6,134.7,192.4285714,158.4705882
469,349,116,10,10,135.3,11.6637931,21.47619048
470,66,14,10,7,136.3,97.35714286,113.5833333
471,22,6,10,2,137,228.3333333,171.25
472,26,3,10,0,137.2,457.3333333,211.0769231
473,30,7,10,0,137.2,196,161.4117647
474,1546,562,10,10,137.2,2.441281139,4.797202797
475,116,39,10,6,138.2,35.43589744,56.40816327
476,49,20,10,5,138.8,69.4,92.53333333
477,451,149,10,5,139.3,9.348993289,17.52201258
478,17,5,10,0,139.8,279.6,186.4
479,140,41,10,0,139.8,34.09756098,54.82352941
480,620,216,10,7,139.8,6.472222222,12.37168142
481,21,10,10,3,140.5,140.5,140.5
482,89,39,10,1,140.8,36.1025641,57.46938776
483,549,179,10,6,140.9,7.87150838,14.91005291
484,209,66,10,1,141.5,21.43939394,37.23684211
485,19,4,10,3,141.6,354,202.2857143
486,44,12,10,6,141.9,118.25,129
487,36,20,10,0,142.5,71.25,95
488,80,31,10,2,142.5,45.96774194,69.51219512
489,478,170,10,7,142.7,8.394117647,15.85555556
490,89,24,10,0,143.4,59.75,84.35294118
491,46,18,10,3,143.4,79.66666667,102.4285714
492,91,30,10,7,143.7,47.9,71.85
493,47,14,10,2,144.4,103.1428571,120.3333333
494,18,4,10,2,144.6,361.5,206.5714286
495,185,80,10,4,144.8,18.1,32.17777778
496,26,3,10,1,145.2,484,223.3846154
497,34,17,10,5,145.3,85.47058824,107.6296296
498,27,8,10,5,145.8,182.25,162
499,24,3,10,0,146.3,487.6666667,225.0769231
500,63,23,10,1,146.3,63.60869565,88.66666667
501,33,12,10,1,146.4,122,133.0909091
502,29,6,10,1,146.5,244.1666667,183.125
503,74,21,10,5,146.6,69.80952381,94.58064516
504,65,22,10,1,147.1,66.86363636,91.9375
505,25,6,10,1,147.2,245.3333333,184
506,32,10,10,0,147.3,147.3,147.3
507,15,6,10,2,147.3,245.5,184.125
508,18,6,10,1,147.5,245.8333333,184.375
509,373,94,10,3,147.6,15.70212766,28.38461538
510,85,23,10,1,147.9,64.30434783,89.63636364
511,46,6,10,0,148,246.6666667,185
512,35,15,10,5,148,98.66666667,118.4
513,20,12,10,3,148.5,123.75,135
514,290,107,10,5,148.8,13.90654206,25.43589744
515,21,5,10,1,149.3,298.6,199.0666667
516,19,7,10,1,149.4,213.4285714,175.7647059
517,288,112,10,4,149.5,13.34821429,24.50819672
518,15,9,10,0,149.9,166.5555556,157.7894737
519,15,11,10,3,149.9,136.2727273,142.7619048
520,147,39,10,4,150.2,38.51282051,61.30612245
521,26,14,10,4,150.6,107.5714286,125.5
522,154,46,10,5,151,32.82608696,53.92857143
523,57,18,10,3,151.5,84.16666667,108.2142857
524,99,32,10,4,151.8,47.4375,72.28571429
525,382,118,10,3,152.2,12.89830508,23.78125
526,41,17,10,1,152.5,89.70588235,112.962963
527,124,43,10,4,152.6,35.48837209,57.58490566
528,56,17,10,1,153,90,113.3333333
529,16,9,10,6,153.1,170.1111111,161.1578947
530,20,7,10,4,153.7,219.5714286,180.8235294
531,20,2,10,0,154.1,770.5,256.8333333
532,40,10,10,2,154.1,154.1,154.1
533,27,11,10,0,154.3,140.2727273,146.952381
534,404,116,10,6,154.3,13.30172414,24.49206349
535,25,5,10,0,154.9,309.8,206.5333333
536,30,10,10,1,154.9,154.9,154.9
537,37,10,10,0,155,155,155
538,33,4,10,0,155,387.5,221.4285714
539,32,6,10,0,155,258.3333333,193.75
540,30,12,10,2,155,129.1666667,140.9090909
541,67,20,10,6,155.2,77.6,103.4666667
542,88,25,10,3,155.8,62.32,89.02857143
543,63,13,10,1,156.1,120.0769231,135.7391304
544,17,5,10,1,156.2,312.4,208.2666667
545,17,6,10,0,156.3,260.5,195.375
546,43,21,10,0,156.3,74.42857143,100.8387097
547,11,10,10,0,156.3,156.3,156.3
548,20,6,10,2,156.3,260.5,195.375
549,16,5,10,3,156.5,313,208.6666667
550,19,9,10,2,156.8,174.2222222,165.0526316
551,93,30,10,3,157,52.33333333,78.5
552,137,51,10,1,157.3,30.84313725,51.57377049
553,61,22,10,0,157.4,71.54545455,98.375
554,68,21,10,0,157.4,74.95238095,101.5483871
555,441,137,10,7,157.4,11.48905109,21.41496599
556,23,9,10,1,158.1,175.6666667,166.4210526
557,23,4,10,0,158.2,395.5,226
558,42,14,10,0,158.2,113,131.8333333
559,106,34,10,7,158.2,46.52941176,71.90909091
560,348,110,10,5,158.9,14.44545455,26.48333333
561,383,122,10,4,159.4,13.06557377,24.15151515
562,168,63,10,3,159.8,25.36507937,43.78082192
563,160,53,10,0,160.1,30.20754717,50.82539683
564,112,45,10,3,160.1,35.57777778,58.21818182
565,21,8,10,4,160.4,200.5,178.2222222
566,49,25,10,6,160.8,64.32,91.88571429
567,296,89,10,1,161.4,18.13483146,32.60606061
568,16,7,10,0,161.5,230.7142857,190
569,14,6,10,4,161.5,269.1666667,201.875
570,133,58,10,7,161.9,27.9137931,47.61764706
571,84,28,10,1,162.6,58.07142857,85.57894737
572,115,40,10,4,162.7,40.675,65.08
573,224,75,10,6,163.1,21.74666667,38.37647059
574,19,4,10,3,163.7,409.25,233.8571429
575,26,10,10,0,164,164,164
576,18,2,10,0,164,820,273.3333333
577,118,43,10,5,164,38.13953488,61.88679245
578,19,8,10,0,164.5,205.625,182.7777778
579,53,20,10,1,164.5,82.25,109.6666667
580,322,114,10,9,164.6,14.43859649,26.5483871
581,27,13,10,4,165.5,127.3076923,143.9130435
582,37,19,10,2,165.9,87.31578947,114.4137931
583,39,17,10,1,166.1,97.70588235,123.037037
584,69,14,10,6,166.2,118.7142857,138.5
585,43,18,10,0,166.8,92.66666667,119.1428571
586,156,52,10,4,166.8,32.07692308,53.80645161
587,124,41,10,1,167.2,40.7804878,65.56862745
588,33,23,10,7,167.3,72.73913043,101.3939394
589,30,10,10,2,168,168,168
590,556,172,10,8,168.2,9.779069767,18.48351648
591,41,13,10,1,169,130,146.9565217
592,68,26,10,7,169.1,65.03846154,93.94444444
593,77,26,10,6,169.8,65.30769231,94.33333333
594,178,54,10,3,170.4,31.55555556,53.25
595,13,7,10,0,170.7,243.8571429,200.8235294
596,299,112,10,3,170.7,15.24107143,27.98360656
597,316,127,10,7,171,13.46456693,24.96350365
598,14,7,10,2,171.7,245.2857143,202
599,1876,602,10,9,171.9,2.855481728,5.617647059
600,575,188,10,7,172.8,9.191489362,17.45454545
601,82,19,10,2,173.5,91.31578947,119.6551724
602,104,31,10,8,173.7,56.03225806,84.73170732
603,703,240,10,5,174.5,7.270833333,13.96
604,70,30,10,4,175,58.33333333,87.5
605,167,54,10,5,175.4,32.48148148,54.8125
606,842,273,10,8,175.9,6.443223443,12.43109541
607,130,57,10,6,176.7,31,52.74626866
608,620,211,10,10,177.3,8.402843602,16.04524887
609,30,7,10,3,178.3,254.7142857,209.7647059
610,986,316,10,6,178.6,5.651898734,10.95705521
all_hitprecisionrecallrec_countres_countcoverage,,,,,,,
,,,,,,,
,,,数据异常作废,,,,
